subject,body,label
Your PayPal account has been suspended,"Dear PayPal Member, Our automated security monitoring system has detected multiple unauthorized access attempts to your account from the following locations: Moscow, Russia (IP: 185.XXX.XXX.XX) at 2:23 AM EST, Berlin, Germany (IP: 91.XXX.XXX.XX) at 4:47 AM EST. Current Account Status: Temporarily Restricted for Security Review. Required Security Actions: 1) Verify recent international transactions from July 25-27 2) Update two-factor authentication preferences 3) Confirm identity through secure verification portal: secure-paypal-verify.com/account-review. Important Notice: Account access will be permanently restricted if verification is not completed within 24 hours of this notice. Security Reference ID: PAY-2025-07X-882. PayPal Security Operations Team",phishing
Google Workspace Document Access Request,"Hello, You have been granted administrative access to a confidential document titled ""Q3 Budget Proposal - Executive Summary."" This document contains sensitive financial projections and requires immediate review. Device Access Log: Chrome Browser (Windows 11) from IP: 172.XXX.XXX.XX. Click the secure link below to authenticate and view the document. Note: Access expires in 2 hours for security compliance. Google Workspace Security Team",phishing
Follow-up: Q2 Project Meeting,"Hi Team, Thanks for joining today's project review meeting. I've uploaded the updated project timeline, sprint deliverables, and action items to our shared drive. Key takeaways: Phase 2 completion pushed to August 15, new client requirements integrated, resource allocation adjusted for Q3. Please review the attached documentation and confirm your updated task assignments by EOD Friday. Questions? Reach out to your respective team leads. Best regards, Project Management Office",legit
Lunch next week?,"Hey Jane, Hope you're doing well! Are you available for lunch sometime next week? I'd love to catch up and discuss the progress on the new client acquisition project. I'm flexible on timing - let me know what works best with your schedule. Looking forward to hearing from you. Best, Mike",legit
Updated Remote Work Policy 2025-26,"Dear Colleagues, The Human Resources department has completed the comprehensive annual review of our remote work policies, incorporating feedback from the recent employee engagement survey (89% participation rate, 4.2/5 satisfaction score). Policy Updates Effective August 1, 2025: 1) Enhanced flexible scheduling framework (7AM-7PM core hours window) 2) Increased annual equipment stipend ($500 → $750) 3) New virtual collaboration guidelines and meeting protocols 4) Revised cybersecurity protocols for home network configurations 5) Updated performance evaluation criteria for hybrid workers. Required Actions for All Employees: - Review complete policy document in SharePoint by July 31 - Complete acknowledgment form (HR-POL-2025-07) via HR portal - Update your standard work hours and preferred location in Workday - Attend mandatory policy briefing session. Policy Review Sessions: Thursday, July 25, 2 PM EDT (Main Conference Room) Friday, July 26, 10 AM EDT (Virtual - Teams link in calendar invite). Best regards, Sarah Johnson, Director of Human Resources",legit
URGENT: International Wire Transfer Authorization,"Team, Per direct instruction from the CEO regarding our Berlin acquisition, please initiate an urgent wire transfer of $15,000 to our new European vendor today. The CEO is currently in confidential negotiations and cannot respond to inquiries. Banking Details: SWIFT: DEUTDEFF, Account: DE89370400440532013000. This transaction is time-sensitive for closing the deal. Please confirm completion via secure email. Reference: ACQ-BER-2025-07. Regards, Executive Office",phishing
Invoice #INV-2025-07-12345 for June Professional Services,"Hello, Attached please find Invoice #INV-2025-07-12345 for professional consulting services rendered during June 2025. Invoice Summary: Strategic Planning Consultation (40 hours), Market Analysis Report, Client Presentation Development. Total Amount Due: $8,500.00. Payment Terms: Net 30 days from invoice date (Due: July 31, 2025). Please process payment through your standard vendor payment system. Contact me directly if any clarifications or supporting documentation is needed. Best regards, Consulting Services Team",legit
Neighborhood Clean-Up Event,"Hello Neighbors, Join us this Saturday, July 27th, for our quarterly community clean-up event in Riverside Park. We'll meet at 9 AM by the main gazebo near the playground. Event Details: Trash bags, gloves, and grabbers provided, Light refreshments and coffee available, Family-friendly activities for kids, Estimated duration: 3 hours. This is a great opportunity to connect with neighbors while beautifying our shared community space. Hope to see you there! Community Association Board",legit
Amazon Prime: Order Processing Security Review,"Dear Prime Member, We regret to inform you that your recent Amazon order (#AMZ-2025-7749321) placed on July 28, 2025, could not be processed due to a payment verification error flagged by our fraud detection system. This security hold may be due to: 1) Outdated payment method information 2) Unusual purchase pattern detected 3) Billing address verification required. To avoid automatic order cancellation and ensure timely delivery of your items (MacBook Pro, iPad Air), please update your payment details through our secure customer portal: amazon-payment-verify.com/order-review. Important: If payment verification is not completed within 24 hours, your order will be permanently canceled and your account may be temporarily restricted for security review. Amazon Customer Security Team",phishing
Apple ID Security: Critical Account Protection Notice,"Dear Apple Customer, Security Alert Notification ID: APL-2025-07X-994. Our advanced threat detection system has identified multiple unauthorized access attempts to your Apple ID from the following locations: Device: MacBook Pro (Model A2442) Location: Toronto, Canada (IP: 172.XXX.XXX.XX) Browser: Safari 16.5.2 (18613.2.7.1.8) Timestamp: July 30, 2025, 03:47 AM EDT. Additional failed login attempts detected from mobile devices in Eastern Europe. Current Account Security Status: Temporarily Restricted - Enhanced Protection Mode Activated. Required Security Verification Steps: 1) Verify and approve recent device login attempts 2) Update security questions and recovery information 3) Enable advanced two-factor authentication 4) Reset account password using secure token 5) Review and revoke suspicious app permissions. Critical Notice: Your Apple ID access will be permanently suspended if complete security verification is not performed within 48 hours of this notification. This email contains account-specific security information - do not forward or share. For immediate assistance, contact Apple ID Security Operations. Apple ID Security Team",phishing
IRS: Federal Tax Refund Eligibility Verification,"Dear Taxpayer, Internal Revenue Service Notification ID: IRS-2025-RF-7889. Based on our comprehensive audit review of your 2024 federal tax return, you have been determined eligible for an additional tax refund in the amount of $927.35. This refund calculation resulted from: 1) Reconciliation with updated W-2 wage reporting 2) Correction of dependent care credit calculation 3) Application of recent tax law amendments. Refund Processing Requirements: To claim your eligible refund, you must verify your identity and confirm current banking information through the official IRS Taxpayer Portal: irs-refund-verification.gov/claim-process. Important Deadline Notice: Failure to complete identity verification within 3 business days (by July 23, 2025) will result in automatic forfeiture of your refund eligibility under current IRS processing regulations. Internal Revenue Service - Refund Processing Division",phishing
Project Phoenix Review Meeting: Action Items and Deliverables,"Hi Team, Thank you for your participation in today's comprehensive Project Phoenix review session. We successfully covered Phase 2 milestone completion, addressed critical path issues in sprint planning, and incorporated the updated client requirements from yesterday's stakeholder meeting. Meeting Outcomes Summary: 1) Phase 2 deliverables confirmed for August 15 deadline 2) Resource reallocation approved for Q3 development sprint 3) New feature requests prioritized and estimated 4) Risk mitigation strategies updated and assigned. Attached Documents: - Detailed action items matrix with ownership and due dates - Updated project timeline with critical path analysis - Sprint backlog for upcoming 2-week cycle - Client feedback integration plan. Next Steps: Please review all attached materials and confirm your assigned responsibilities before COB Friday. Team leads should update project status in our tracking system by Monday morning. If you have questions or need clarification on any deliverables, don't hesitate to reach out to your respective team leads or project coordinators. Best regards, Project Management Office",legit
Q3 2025 Health Insurance and Wellness Benefits Update,"Dear Team Member, We are pleased to present the comprehensive guide to your health insurance and wellness benefits for Q3 2025, reflecting significant enhancements based on employee feedback and industry best practices. Enhanced Benefits Effective August 1, 2025: 1) Expanded mental health support options (24/7 counseling hotline, virtual therapy sessions) 2) Increased Health Savings Account (HSA) contribution limits ($4,300 individual, $8,550 family) 3) Adjusted co-payment tiers for preventive care and specialist visits 4) New dental and vision coverage options 5) Enhanced prescription drug formulary 6) Wellness program incentives and fitness reimbursements. Documentation and Compliance: The attached comprehensive PDF guide explains each benefit change in detail, including coverage levels, provider networks, and claim procedures. All employees are required to: - Review the complete benefits guide - Acknowledge receipt through the HR benefits portal by August 15 - Update beneficiary information if needed - Complete health risk assessment for premium discounts. Questions regarding benefits should be directed to benefits@hr.company.com or call our dedicated benefits hotline at 1-800-555-0199. Sincerely, Human Resources - Benefits Administration",legit
Security Alert: Email System Verification Required,"Dear System User, We are implementing enhanced security protocols across our enterprise email infrastructure to comply with new cybersecurity regulations. Your email account requires immediate verification to maintain uninterrupted service access. Verification Details: Current Security Level: Standard Enhanced Security Level: Required by July 30, 2025 Account Status: Pending Verification. To complete the security upgrade and avoid service disruption, please verify your email credentials through our secure authentication portal within the next 48 hours: email-security-update.com/verify-account. System Administration Team",phishing
Bank of America: Account Security Review Required,"Dear Valued Customer, Our automated fraud detection system has identified unusual transaction patterns on your Bank of America account that require immediate security review. Flagged Activity Summary: 1) Multiple high-value transactions in 24-hour period 2) Unusual geographic transaction locations 3) New merchant category spending patterns. For your financial protection, we have implemented a temporary security hold on your account pending verification. Please confirm recent transactions and update your security preferences immediately by accessing our secure customer portal: secure.bankofamerica-review.com/account-verification. Account restoration typically takes 2-4 hours after verification completion. Bank of America Security Operations",phishing
Limited Time: Walmart Gift Card Promotion,"Congratulations! You have been randomly selected from our customer database to receive a complimentary $100 Walmart gift card as part of our Summer Customer Appreciation Program. Selection Criteria: Active customer status, Recent purchase history, Geographic location eligibility. To claim your gift card reward, please complete our brief 3-minute customer satisfaction survey and provide delivery preferences. This exclusive offer is valid for the next 24 hours only and cannot be transferred or exchanged. Claim your reward now: walmart-rewards.com/claim-giftcard. Customer Rewards Program Team",phishing
Weekly Newsletter: Team Achievements and Updates,"Hi Team, Welcome to this week's edition of our team newsletter highlighting accomplishments, milestones, and upcoming initiatives. This Week's Highlights: 1) Q3 project milestones achieved ahead of schedule 2) Outstanding client feedback from the Henderson account presentation 3) Employee spotlight: Congratulations to Sarah Chen for earning her PMP certification 4) New team member welcome: Please join me in welcoming David Rodriguez to our development team. Upcoming Events: Team building workshop next Friday, Q3 planning session scheduled for August 5th, Client appreciation event in planning stages. As always, thank you for your continued dedication, innovation, and collaborative spirit that makes our team successful. Looking forward to another productive week ahead. Cheers, Leadership Team",legit
Welcome to TechCorp: Your Onboarding Journey Begins,"Dear New Team Member, We are thrilled to welcome you to the TechCorp family! Your journey with us officially begins on Monday, and we've prepared everything to ensure your smooth transition into our innovative and collaborative work environment. Onboarding Checklist and Resources: Attached you'll find your comprehensive onboarding guide, including: - First week schedule and key meetings - Department overview and team introductions - Technology setup and IT access procedures - Benefits enrollment deadline and options - Company culture guide and core values - Key contact directory for immediate support. Required Actions Before Your Start Date: 1) Complete pre-employment paperwork (HR portal link emailed separately) 2) Review employee handbook and acknowledgment form 3) Set up direct deposit and tax withholding preferences 4) Schedule IT setup appointment for equipment distribution. Please don't hesitate to reach out to our People Operations team with any questions or concerns. We're here to support you every step of the way. Once again, welcome to TechCorp! Sincerely, People Operations Team",legit
LinkedIn Professional Network: Security Review Required,"Dear [User], Our automated security system has detected unusual changes to your LinkedIn network connections from a device in Amsterdam, Netherlands (IP: 82.XXX.XXX.XX). To protect your professional network and connections, please verify recent activities through our secure verification portal: security.linkedin.com/verify. Your account's visibility may be limited until verification is complete. Best regards, LinkedIn Trust & Safety Team",phishing
Google Workspace Security Alert,"Important: A new sign-in was detected on your Google Workspace account from Chrome Browser (Windows) in Singapore at 3:47 PM EST. Device details: Windows 10, Chrome 98.0.4758.102. If you don't recognize this activity, please review your recent account activity and security settings at workspace.google.com/security. For your protection, enable 2-step verification if not already active.",legit
Bank of America: Security Verification Required,"Important: Recent changes to federal banking regulations require additional verification for accounts with international transfer history. Your account has been flagged for mandatory security review due to: 1) Recent overseas payment activity 2) Multiple device logins. Complete verification at: secure.bankofamerica-verify.com before July 20 to maintain full account access.",phishing
System Upgrade Notice: July 20-21,"All Users: Critical system upgrades scheduled for this weekend. Timing: Saturday 10 PM - Sunday 6 AM EDT. Affected systems: - Email (2-hour interruption) - VPN access - SharePoint - Time tracking. Please save all work and log out by 9:30 PM Saturday. Emergency support: x5555 or support@company.com. -IT Operations",legit
Re: Q4 Budget Analysis - Updated Projections,"Hey Team, I've updated the Q4 budget spreadsheet with the latest departmental inputs and market forecast data from our analytics team. Key changes include revised OPEX projections, updated headcount planning, and adjusted revenue targets based on the current sales pipeline. The updated file is available in our shared drive under Finance/Budget2025/Q4_Analysis_v3.xlsx. Please review the changes and let me know if you'd like to schedule a walkthrough session to discuss the implications for your respective departments. I'm available for individual meetings this week if needed. Best regards, Alex Thompson, Senior Financial Analyst",legit
Apple ID Verification: Immediate Action Required,"Dear Apple Customer, We have detected suspicious authentication attempts on your Apple ID from multiple unrecognized devices across different geographic locations. Security Alert Details: Device 1: iPhone 14 Pro - Location: Moscow, Russia (IP: 185.XXX.XXX.XX) Device 2: MacBook Air - Location: Shanghai, China (IP: 203.XXX.XXX.XX) Alert Status: High Priority Security Breach Detected. To protect your personal data, iCloud content, and prevent unauthorized purchases, please verify your identity immediately using our secure verification system: appleid-security-verify.com/urgent-verification. Warning: Account access will be permanently suspended within 24 hours if verification is not completed. Apple Security Operations Team",phishing
Amazon Order Confirmation: High-Value Purchase Alert,"Dear Customer, This email confirms that Amazon Order #AMZ-43922-PRO has been successfully placed from your account. Order Summary: Apple MacBook Pro 16-inch (M3 Max, 1TB) - Quantity: 1 - Price: $2,499.99, Total Charged: $2,499.99 (including tax), Shipping Address: [Your Address], Expected Delivery: July 25, 2025. If you did not authorize this high-value purchase, please immediately cancel the transaction and secure your account using the link below: amazon-order-dispute.com/cancel-transaction. Note: You have 2 hours from this notification to dispute the charge before the order enters processing phase. Amazon Customer Security Team",phishing
Microsoft Account Security: Multiple Login Verification,"Security Alert: Microsoft Account Protection Service. We have detected multiple unsuccessful login attempts to your Microsoft account from various international locations within the last 4 hours. Detected Login Attempts: 1) Windows 11 PC - Location: Budapest, Hungary (IP: 178.XXX.XXX.XX) 2) Android Device - Location: Kiev, Ukraine (IP: 91.XXX.XXX.XX) 3) Web Browser - Location: Warsaw, Poland (IP: 83.XXX.XXX.XX). Current Account Status: Enhanced Protection Mode Activated. If these login attempts were not initiated by you, please secure your account immediately by resetting your password and enabling advanced security features: microsoft-account-secure.com/protect-account. Microsoft Account Security Team",phishing
Chase Bank: Critical Account Security Notice,"Dear Chase Customer, URGENT SECURITY ALERT - Account Protection Services. Our advanced fraud monitoring system has detected multiple unauthorized access attempts to your Chase online banking account. Security Incident Details: Failed login attempts: 7 in the last 2 hours, Source locations: Multiple international IP addresses, Risk Assessment: HIGH - Immediate action required. To prevent potential unauthorized access and protect your financial assets, we have temporarily restricted your account access. Please verify your identity and confirm your account security settings immediately: chase-security-verification.com/account-review. Important: Your account access will remain restricted until verification is completed. You have 12 hours to complete this process before additional security measures are implemented. Chase Bank Security Operations",phishing
COVID-19 Relief Fund: Eligibility Notification,"Important Notice: Federal Relief Fund Distribution Program. You have been identified as eligible to receive $2,500 under the newly enacted COVID-19 Economic Recovery Relief Act of 2025. Eligibility Determination Based On: 1) 2024 federal tax return income thresholds 2) Geographic location qualification criteria 3) Previous relief fund participation status. Relief Fund Details: Amount: $2,500.00, Processing Timeline: 3-5 business days after verification, Distribution Method: Direct deposit to verified bank account. To claim your designated relief funds, please complete the identity verification process through the official federal relief portal: covid-relief-claim.gov/verify-eligibility. Deadline: All claims must be submitted by August 15, 2025, or funds will be redistributed. U.S. Treasury Department - Relief Fund Administration",phishing
Security Alert: Unusual Account Access Detected,"Critical Security Notification: Account Protection Service. We have identified a suspicious login attempt to your account from an unrecognized device and location that does not match your typical usage patterns. Suspicious Activity Details: Device: Samsung Galaxy S24 (Unregistered), Location: Frankfurt, Germany (IP: 88.XXX.XXX.XX), Time: July 29, 2025, 11:34 PM EST, Browser: Chrome Mobile 115.0.5790.138. If this login attempt was not authorized by you, please immediately secure your account by completing our emergency security verification process: account-security-emergency.com/verify-access. Critical Warning: Failure to verify your account access within 24 hours will result in temporary account suspension for your protection. Account Security Team",phishing
Weekly Technology Newsletter: Innovation Insights,"Welcome to this week's edition of our Technology Innovation Newsletter. In today's comprehensive issue, we explore the latest breakthroughs in artificial intelligence applications for business automation, provide practical strategies for maintaining productivity while working in hybrid environments, and offer an exclusive preview of upcoming industry conferences and networking events in our local technology community. Featured Articles: 1) AI Integration Best Practices for Small Businesses 2) Cybersecurity Trends Every Professional Should Know 3) Remote Work Technology Tools Review 4) Upcoming Tech Events and Professional Development Opportunities. We greatly appreciate your continued readership and engagement with our weekly content. Your feedback helps us deliver more valuable and relevant insights each week. Looking forward to bringing you more cutting-edge technology news and practical business applications in next week's edition. Technology Innovation Team",legit
Netflix Subscription: Payment Processing Error,"Dear Netflix Subscriber, We encountered an issue processing your most recent payment for your Netflix Premium subscription (Account: netflix-premium-user@email.com). Payment Processing Error Details: Credit card on file expired, Bank declined transaction due to insufficient funds, Billing address verification failed. To prevent interruption of your Netflix streaming service and avoid losing access to your saved watchlist and preferences, please update your billing information immediately through our secure payment portal: netflix-billing-update.com/payment-method. Service Interruption Notice: If billing information is not updated within the next 48 hours, your account will be temporarily deactivated until payment is resolved. Netflix Account Management Team",phishing
Amazon Package Delivery Confirmation,"Great news! Your Amazon order has been successfully shipped and is currently in transit to your delivery address. Order Tracking Information: Order Number: #AMZ-7849-2025, Tracking Number: 1Z999AA1234567890, Carrier: UPS Ground Service, Estimated Delivery Window: July 25-27, 2025 (3-5 business days), Current Status: In Transit - Departed from Distribution Center. You can track your package's real-time location and receive delivery updates by visiting: amazon.com/your-orders or using the Amazon mobile app. If you have any questions about your shipment or need to modify delivery instructions, please contact our customer service team. Thank you for choosing Amazon for your shopping needs. Amazon Logistics Team",legit
E-ZPass Notice: Outstanding Balance Review,"Notice: Our records indicate an unpaid toll balance of $67.45 associated with your vehicle (Tag: AXX-XXX) from recent interstate travel. To prevent registration suspension and additional fees, please review the detailed violation report and submit payment through our authorized payment processor: ezpass-payment.com/verify. Administrative fees will be added after July 24, 2025.",phishing
PayPal: Unusual International Transaction Pattern,"Security Notice: Multiple international transactions detected on your PayPal account in the last 6 hours: 1) €750 - Online Electronics Store (Germany) 2) £500 - Digital Services (UK) 3) $900 - Online Marketplace (Hong Kong). To prevent unauthorized charges, verify these transactions at: secure-paypal-verify.com/transactions",phishing
Mandatory Security Training: 2025 Cybersecurity Update,"Dear All Employees, As part of our ongoing commitment to maintaining robust cybersecurity defenses and protecting sensitive company and client data, we have released updated mandatory security training modules that all staff must complete by July 31, 2025. Updated Training Modules Include: 1) Advanced phishing recognition and reporting procedures 2) New data classification and protection protocols 3) Enhanced security practices for remote work environments 4) Incident response procedures and escalation protocols 5) Compliance requirements and regulatory updates. Training Access and Completion: Please access the comprehensive training portal through our secure internal network at: learning.company-internal.com/security2025. Your training completion will be automatically recorded and tracked for compliance purposes. Each module includes interactive scenarios and knowledge assessments. Technical Support: If you experience any technical difficulties accessing the training platform or have questions about the content, please contact our IT Support team at x5555 or submit a ticket through the IT helpdesk portal. Best regards, Information Security Team",legit
Cloud Storage Security: Unauthorized Access Alert,"URGENT SECURITY WARNING: Cloud Storage Protection Service. Our advanced threat detection system has identified multiple unauthorized access attempts to your cloud storage account from suspicious IP addresses located in various Asian countries. Security Breach Details: Detected intrusion attempts: 15 in the last 6 hours, Compromised file access attempts: 47 documents potentially viewed, Geographic locations: Singapore, Hong Kong, Tokyo, Account vulnerability status: HIGH RISK. To protect your sensitive data and prevent further unauthorized access to your personal and business files, we have implemented an emergency security lockdown on your account. Immediate Action Required: Click the secure link below to verify your identity and restore protected access to your cloud storage: cloudstorage-security-restore.com/emergency-verification. Warning: You have only 12 hours to complete the verification process before your account faces permanent lockdown to prevent data theft. Cloud Storage Security Team",phishing
Quarterly Performance Review: H1 2025 Summary,"Dear Team Member, Thank you for your active participation in this quarter's comprehensive performance review process. Your H1 2025 evaluation has been completed and is now available for your review. Performance Review Components: 1) Individual achievement assessment and goal completion analysis 2) Peer feedback compilation and 360-degree review insights 3) Professional development recommendations and growth opportunities 4) Compensation and advancement discussion points 5) Q3-Q4 objective setting and career pathway planning. Next Steps Required: Please thoroughly review your detailed evaluation document and schedule a follow-up discussion meeting with your direct manager by next Friday to discuss any questions, concerns, or clarification needs regarding your performance assessment. Additionally, please complete and return the performance acknowledgment form through the HR employee portal by the end of next week. Your continued professional growth and success are important to our team's overall achievement. Human Resources - Performance Management",legit
LinkedIn Security Alert: Account Access Verification,"Dear LinkedIn Professional Network Member, Our automated security monitoring system has detected multiple unsuccessful login attempts to your LinkedIn account from unrecognized devices located in Eastern European countries. Security Activity Summary: Failed login attempts: 12 within 4-hour window, Source locations: Prague, Budapest, and Bucharest, Device types: Various mobile and desktop platforms, Risk assessment: HIGH - Potential credential compromise. For your professional network's security and to protect your career information and business connections, we have temporarily suspended access to your LinkedIn account pending identity verification. Account Restoration Process: Please verify your identity immediately using our secure LinkedIn verification portal: linkedin-security-verify.com/account-protection. Your account access will remain suspended until verification is successfully completed within the next 24 hours. LinkedIn Trust & Safety Operations",phishing
Department Budget Planning: FY2026 Preparation,"Hello Department Heads and Team Leaders, As we begin the comprehensive planning process for fiscal year 2026, please find attached the detailed budget planning template, submission guidelines, and strategic planning resources for your departmental review and preparation. Critical Planning Timeline: - Initial budget proposals and department needs assessment due: August 15, 2025 - Interdepartmental review meetings and resource allocation discussions: September 1-15, 2025 - Final budget submissions with executive summary and justifications: October 1, 2025 - Board review and approval process: October 15-30, 2025. Budget Planning Requirements: Please ensure all departmental operational expenses are properly categorized according to the new accounting framework, include detailed future growth projections with supporting market data and business case analysis, and provide workforce planning and headcount projections for the upcoming fiscal year. Support Resources: Join our comprehensive budget planning workshop next Tuesday at 2 PM in the main conference room for detailed guidance on the new planning process and template completion. Individual department consultation sessions are also available upon request. Finance Department - Strategic Planning Division",legit
PayPal Account Security: Transaction Verification Required,"Important Security Notice: PayPal Account Protection Service. Our fraud detection algorithms have identified a series of unusual international transactions on your PayPal account that deviate significantly from your normal spending patterns and geographic usage. Suspicious Transaction Summary: Transaction 1: €750.00 - Electronics Retailer (Berlin, Germany) - Status: Flagged, Transaction 2: £500.00 - Digital Services Provider (London, UK) - Status: Under Review, Transaction 3: $900.00 - Online Marketplace Vendor (Hong Kong) - Status: Held for Verification. Account Protection Measures: To prevent potential unauthorized charges and protect your financial assets, we have temporarily restricted your PayPal account pending transaction verification and identity confirmation. Please review and verify these transactions immediately: secure-paypal-transaction-review.com/verify-payments. Time Sensitive: You have 24 hours to complete the verification process before the suspicious transactions are automatically reversed and your account is flagged for extended security review. PayPal Fraud Protection Team",phishing
IT Infrastructure Maintenance: Weekend System Updates,"Dear All Staff and System Users, Our Information Technology department will be performing critical infrastructure upgrades and security updates this weekend to enhance system performance, implement new security protocols, and ensure optimal operational efficiency for the upcoming quarter. Scheduled Maintenance Window: Saturday, July 20, 2025, 10:00 PM EDT through Sunday, July 21, 2025, 6:00 AM EDT (8-hour maintenance window). Affected Systems and Services: 1) Corporate email servers (Outlook/Exchange) - Expected 2-hour interruption 2) Internal document management and SharePoint systems 3) Employee time tracking and HR portal access 4) VPN remote access services and secure file sharing 5) Customer relationship management (CRM) database. Preparation Requirements: Please ensure all critical work is saved locally and log out of all affected systems before 9:30 PM on Saturday evening. Any work in progress should be completed or saved to local drives to prevent data loss during the maintenance window. Emergency IT Support: Our emergency technical support team will be available throughout the maintenance period at extension 5555 or emergency-support@company.com for any critical system issues. IT Operations and Infrastructure Team",legit
DocuSign: Critical Document Signature Required,"URGENT DOCUMENT NOTIFICATION: Human Resources Department. You have received a time-sensitive secure document requiring your immediate electronic signature regarding mandatory updates to your employee benefits package and compensation structure. Document Details: Title: ""Employee Benefits Amendment and Compensation Adjustment Agreement"", Sender: HR Benefits Administration, Classification: Confidential - Individual Employee Record, Signature Deadline: 24 hours from receipt (expires July 24, 2025 at 5:00 PM). Important Compliance Notice: To maintain your current benefits package, healthcare coverage, and salary structure without interruption, you must review and electronically sign this document using the secure DocuSign portal immediately: docusign-hr-benefits.com/urgent-signature. Warning: Failure to complete the signature process within the specified timeframe will result in temporary benefits suspension starting August 1, 2025, until the documentation is properly executed. HR Benefits Administration Team",phishing
